<?xml version="1.0" encoding="utf-8"?><!DOCTYPE nta PUBLIC '-//Uppaal Team//DTD Flat System 1.1//EN' 'http://www.it.uu.se/research/group/darts/uppaal/flat-1_1.dtd'><nta><declaration>// Place global declarations here.
clock x;
chan a, b, c, d;</declaration><template><name x="5" y="5">Auto</name><declaration>// Place local declarations here.
</declaration><location id="id0" x="-720" y="-360"><name x="-736" y="-384">C</name><urgent/></location><location id="id1" x="-560" y="-360"><name x="-552" y="-384">B</name><committed/></location><location id="id2" x="-560" y="-496"><name x="-570" y="-526">A</name></location><location id="id3" x="-720" y="-496"><name x="-730" y="-526">D</name></location><init ref="id3"/><transition><source ref="id0"/><target ref="id3"/><label kind="synchronisation" x="-744" y="-440">d?</label></transition><transition><source ref="id1"/><target ref="id0"/><label kind="synchronisation" x="-664" y="-376">c?</label><label kind="assignment" x="-672" y="-360">x:=0</label><nail x="-616" y="-360"/></transition><transition><source ref="id2"/><target ref="id1"/><label kind="synchronisation" x="-552" y="-440">b?</label></transition><transition><source ref="id3"/><target ref="id2"/><label kind="synchronisation" x="-656" y="-512">a?</label></transition></template><template><name>CtrlT</name><location id="id4" x="-400" y="-232"></location><init ref="id4"/><transition><source ref="id4"/><target ref="id4"/><label kind="synchronisation" x="-480" y="-296">a!</label><nail x="-488" y="-248"/><nail x="-440" y="-304"/></transition><transition><source ref="id4"/><target ref="id4"/><label kind="synchronisation" x="-472" y="-176">d!</label><nail x="-424" y="-152"/><nail x="-480" y="-200"/></transition><transition><source ref="id4"/><target ref="id4"/><label kind="synchronisation" x="-328" y="-184">c!</label><nail x="-312" y="-208"/><nail x="-360" y="-152"/></transition><transition><source ref="id4"/><target ref="id4"/><label kind="synchronisation" x="-352" y="-304">b!</label><nail x="-384" y="-312"/><nail x="-328" y="-264"/></transition></template><system>// Place template instantiations here.
Auto1 = Auto();
Auto2 = Auto();
Auto3 = Auto();

Ctrl = CtrlT();

// List one or more processes to be composed into a system.
system Auto1, Auto2, Auto3, Ctrl;</system></nta>