<?xml version="1.0" encoding="utf-8"?><!DOCTYPE nta PUBLIC '-//Uppaal Team//DTD Flat System 1.1//EN' 'http://www.it.uu.se/research/group/darts/uppaal/flat-1_1.dtd'><nta><declaration>// Place global declarations here.
chan urgence, eteint, allume, ignition, on, off, reset;
</declaration><template><name x="5" y="5">CTRL_T</name><declaration>// Place local declarations here.
</declaration><location id="id0" x="128" y="64"><name x="112" y="40">b</name></location><location id="id1" x="128" y="-184"><name x="118" y="-214">a</name></location><location id="id2" x="-32" y="64"><name x="-42" y="34">c</name></location><location id="id3" x="-200" y="-184"><name x="-210" y="-214">urge</name></location><location id="id4" x="-32" y="-184"><name x="-42" y="-214">idle</name></location><location id="id5" x="-32" y="-40"><name x="-48" y="-32">zero</name></location><init ref="id5"/><transition><source ref="id4"/><target ref="id5"/><label kind="synchronisation" x="-128" y="-120">eteint?</label><nail x="-72" y="-112"/></transition><transition><source ref="id5"/><target ref="id4"/><label kind="synchronisation" x="0" y="-136">allume?</label><nail x="8" y="-112"/></transition><transition><source ref="id2"/><target ref="id1"/><label kind="synchronisation" x="40" y="-56">reset?</label></transition><transition><source ref="id0"/><target ref="id2"/><label kind="synchronisation" x="40" y="64">off?</label></transition><transition><source ref="id1"/><target ref="id0"/><label kind="synchronisation" x="136" y="-72">on?</label></transition><transition><source ref="id4"/><target ref="id1"/><label kind="synchronisation" x="16" y="-200">ignition?</label></transition><transition><source ref="id4"/><target ref="id3"/><label kind="synchronisation" x="-144" y="-200">urgence?</label></transition></template><template><name>HUM_T</name><location id="id6" x="-40" y="-32"></location><init ref="id6"/><transition><source ref="id6"/><target ref="id6"/><label kind="synchronisation" x="8" y="48">allume!</label><nail x="40" y="40"/><nail x="-16" y="48"/></transition><transition><source ref="id6"/><target ref="id6"/><label kind="synchronisation" x="-224" y="-48">urgence!</label><nail x="-152" y="-16"/><nail x="-152" y="-80"/></transition><transition><source ref="id6"/><target ref="id6"/><label kind="synchronisation" x="-144" y="48">eteint!</label><nail x="-72" y="56"/><nail x="-128" y="32"/></transition><transition><source ref="id6"/><target ref="id6"/><label kind="synchronisation" x="64" y="-32">reset!</label><nail x="56" y="-40"/><nail x="56" y="16"/></transition><transition><source ref="id6"/><target ref="id6"/><label kind="synchronisation" x="56" y="-112">off!</label><nail x="44" y="-97"/><nail x="76" y="-81"/><nail x="52" y="-65"/></transition><transition><source ref="id6"/><target ref="id6"/><label kind="synchronisation" x="-16" y="-152">on!</label><nail x="-32" y="-128"/><nail x="32" y="-128"/></transition><transition><source ref="id6"/><target ref="id6"/><label kind="synchronisation" x="-136" y="-152">ignition!</label><nail x="-128" y="-128"/><nail x="-72" y="-128"/></transition></template><system>// Place template instantiations here.
CTRL = CTRL_T();
HUM = HUM_T();

// List one or more processes to be composed into a system.
system CTRL, HUM;</system></nta>