<?xml version="1.0" encoding="utf-8"?><!DOCTYPE nta PUBLIC '-//Uppaal Team//DTD Flat System 1.1//EN' 'http://www.it.uu.se/research/group/darts/uppaal/flat-1_1.dtd'><nta><declaration>// Place global declarations here.
int x;
chan reset, warning, alert, ok;
</declaration><template><name x="5" y="5">CdV_T</name><declaration>// Place local declarations here.
clock z;</declaration><location id="id0" x="-176" y="-240"></location><location id="id1" x="-176" y="-80"></location><location id="id2" x="-384" y="-80"></location><init ref="id2"/><transition><source ref="id1"/><target ref="id2"/><label kind="synchronisation" x="-296" y="-48">ok?</label><nail x="-224" y="-32"/><nail x="-352" y="-32"/></transition><transition><source ref="id0"/><target ref="id2"/><label kind="synchronisation" x="-312" y="-176">ok?</label></transition><transition><source ref="id1"/><target ref="id0"/><label kind="synchronisation" x="-168" y="-176">alert!</label><label kind="assignment" x="-168" y="-152">z:=0</label></transition><transition><source ref="id2"/><target ref="id1"/><label kind="synchronisation" x="-328" y="-96">warning!</label><label kind="assignment" x="-248" y="-96">z:=0</label></transition><transition><source ref="id0"/><target ref="id2"/><label kind="synchronisation" x="-368" y="-256">reset!</label><label kind="assignment" x="-368" y="-240">x:=0</label><nail x="-384" y="-240"/></transition></template><system>// Place template instantiations here.
CdV = CdV_T();

// List one or more processes to be composed into a system.
system CdV;</system></nta>