<?xml version = '1.0' encoding = 'windows-1252'?>
<!DOCTYPE ejb-jar PUBLIC "-//Sun Microsystems, Inc.//DTD Enterprise JavaBeans 1.1//EN" "http://java.sun.com/j2ee/dtds/ejb-jar_1_1.dtd">
<ejb-jar>
   <enterprise-beans>
      
      <session>
         <description>Session Bean ( Stateful )</description>
         <display-name>BanqueSessionBMTDEJB</display-name>
         <ejb-name>BanqueSessionBMTDEJB</ejb-name>
         <home>mypackage1.BanqueSessionBMTDEJBHome</home>
         <remote>mypackage1.BanqueSessionBMTDEJB</remote>
         <ejb-class>mypackage1.impl.BanqueSessionBMTDEJBBean</ejb-class>
         <session-type>Stateful</session-type>
         <transaction-type>Bean</transaction-type>
      </session>
      <session>
         <description>Session Bean ( Stateful )</description>
         <display-name>BanqueSessionCMTDEJB</display-name>
         <ejb-name>BanqueSessionCMTDEJB</ejb-name>
         <home>mypackage1.BanqueSessionCMTDEJBHome</home>
         <remote>mypackage1.BanqueSessionCMTDEJB</remote>
         <ejb-class>mypackage1.impl.BanqueSessionCMTDEJBBean</ejb-class>
         <session-type>Stateful</session-type>
         <transaction-type>Container</transaction-type>
      </session>
      
      <session>
         <description>Session Bean ( Stateful )</description>
         <display-name>BanqueSessionCMDTEJB2</display-name>
         <ejb-name>BanqueSessionCMDTEJB2</ejb-name>
         <home>mypackage1.BanqueSessionCMDTEJB2Home</home>
         <remote>mypackage1.BanqueSessionCMDTEJB2</remote>
         <ejb-class>mypackage1.impl.BanqueSessionCMDTEJB2Bean</ejb-class>
         <session-type>Stateful</session-type>
         <transaction-type>Container</transaction-type>
      </session>
      <entity>
         <description>Entity Bean ( Container-managed Persistence )</description>
         <display-name>CompteEJB</display-name>
         <ejb-name>CompteEJB</ejb-name>
         <home>mypackage1.CompteEJBHome</home>
         <remote>mypackage1.CompteEJB</remote>
         <ejb-class>mypackage1.impl.CompteEJBBean</ejb-class>
         <persistence-type>Container</persistence-type>
         <prim-key-class>mypackage1.CompteEJBPK</prim-key-class>
         <reentrant>False</reentrant>
         
         <cmp-field>
            <field-name>solde</field-name>
         </cmp-field>
         
         
         <cmp-field>
            <field-name>noCompte</field-name>
         </cmp-field>
         <cmp-field>
            <field-name>noClient</field-name>
         </cmp-field>
         <cmp-field>
            <field-name>dateOuverture</field-name>
         </cmp-field>
      </entity>
   </enterprise-beans>
   <assembly-descriptor>
      <container-transaction>
         <method>
            <ejb-name>BanqueSessionCMTDEJB</ejb-name>
            <method-name>tranferer</method-name>
            <method-params>
               <method-param>int</method-param>
               <method-param>int</method-param>
               <method-param>double</method-param>
            </method-params>
         </method>
         <trans-attribute>RequiresNew</trans-attribute>
      </container-transaction>
      <container-transaction>
         <method>
            <ejb-name>BanqueSessionCMDTEJB2</ejb-name>
            <method-name>transferer</method-name>
            <method-params>
               <method-param>int</method-param>
               <method-param>int</method-param>
               <method-param>double</method-param>
            </method-params>
         </method>
         <trans-attribute>RequiresNew</trans-attribute>
      </container-transaction>
   </assembly-descriptor>
</ejb-jar>