<?xml version = '1.0' encoding = 'windows-1252'?>
<!DOCTYPE orion-ejb-jar PUBLIC "-//Evermind//DTD Enterprise JavaBeans 1.1 runtime//EN" "http://xmlns.oracle.com/ias/dtds/orion-ejb-jar.dtd">
<orion-ejb-jar>
   <enterprise-beans>
      <session-deployment name="BanqueSessionBMTDEJB"/>
      <session-deployment name="BanqueSessionCMTDEJB"/>
      <session-deployment name="BanqueSessionCMDTEJB2"/>
      <entity-deployment name="CompteEJB" copy-by-value="false" data-source="jdbc/orclidutil1DS" exclusive-write-access="false" table="COMPTE">
         <primkey-mapping>
            <cmp-field-mapping name="noCompte" persistence-name="NOCOMPTE" persistence-type="NUMBER(22)"/>
         </primkey-mapping>
         <cmp-field-mapping name="solde" persistence-name="SOLDE" persistence-type="NUMBER(10,2)"/>
         <cmp-field-mapping name="noCompte" persistence-name="NOCOMPTE" persistence-type="NUMBER(22)"/>
         <cmp-field-mapping name="noClient" persistence-name="NOCLIENT" persistence-type="NUMBER(22)"/>
         <cmp-field-mapping name="dateOuverture" persistence-name="DATEOUVERTURE" persistence-type="DATE"/>
      </entity-deployment>
   </enterprise-beans>
   <assembly-descriptor>
      <default-method-access>
         <security-role-mapping name="&lt;default-ejb-caller-role>" impliesAll="true"/>
      </default-method-access>
   </assembly-descriptor>
</orion-ejb-jar>
