<?xml version="1.0" encoding="utf-8"?><!DOCTYPE nta PUBLIC '-//Uppaal Team//DTD Flat System 1.1//EN' 'http://www.it.uu.se/research/group/darts/uppaal/flat-1_1.dtd'><nta><declaration>// Place global declarations here.
clock x;
chan object;</declaration><template><name x="5" y="5">CTRL</name><declaration>// Place local declarations here.
</declaration><location id="id0" x="152" y="96"></location><location id="id1" x="152" y="-128"></location><location id="id2" x="24" y="-128"><label kind="invariant" x="-8" y="-160">lampe:=off</label></location><location id="id3" x="24" y="-8"></location><location id="id4" x="24" y="56"></location><location id="id5" x="-80" y="56"></location><location id="id6" x="-80" y="-8"><label kind="invariant" x="-168" y="-16">lampe:=on</label></location><location id="id7" x="-80" y="-128"></location><location id="id8" x="-232" y="-128"></location><location id="id9" x="-232" y="-8"></location><location id="id10" x="-232" y="96"></location><location id="id11" x="-232" y="96"><label kind="invariant" x="-242" y="111">lampe:=off</label></location><location id="id12" x="-232" y="96"></location><location id="id13" x="-232" y="96"></location><location id="id14" x="-232" y="96"></location><location id="id15" x="-232" y="96"><name x="-242" y="66">départ</name></location><init ref="id15"/><transition><source ref="id0"/><target ref="id15"/><label kind="synchronisation" x="-100" y="81">MB!</label></transition><transition><source ref="id1"/><target ref="id0"/><label kind="select" x="120" y="-32">atA?</label></transition><transition><source ref="id2"/><target ref="id1"/><label kind="synchronisation" x="56" y="-120">MD! MH!</label></transition><transition><source ref="id3"/><target ref="id2"/><label kind="synchronisation" x="-32" y="-80">objetb?</label></transition><transition><source ref="id4"/><target ref="id3"/><label kind="synchronisation" x="-8" y="16">OP!</label></transition><transition><source ref="id5"/><target ref="id4"/><label kind="synchronisation" x="-48" y="40">ppb?</label></transition><transition><source ref="id6"/><target ref="id5"/><label kind="synchronisation" x="-112" y="16">MB!</label></transition><transition><source ref="id7"/><target ref="id6"/><label kind="synchronisation" x="-112" y="-80">atb?</label></transition><transition><source ref="id8"/><target ref="id7"/><label kind="select" x="-192" y="-152">MG! MH!</label></transition><transition><source ref="id9"/><target ref="id8"/><label kind="synchronisation" x="-264" y="-80">FP!</label></transition><transition><source ref="id10"/><target ref="id9"/><label kind="synchronisation" x="-292" y="29">ObjetA?</label></transition></template><template><name>Chariot1</name></template><template><name>Chariot2</name></template><system>// Place template instantiations here.

Char1 = Chariot1();
Char2 = Chariot2();
P1 = CTRL();

// List one or more processes to be composed into a system.
system Char1, P1;</system></nta>