<?xml version="1.0" encoding="utf-8"?><!DOCTYPE nta PUBLIC '-//Uppaal Team//DTD Flat System 1.1//EN' 'http://www.it.uu.se/research/group/darts/uppaal/flat-1_1.dtd'><nta><declaration>// Place global declarations here.
const int N = 2;         // # dispositif
typedef int[0,N-1] id_t;

clock x;

int numObjetA[N], numObjetB[N];
chan FP[N], OP[N], MD[N], MG[N], MH[N], MB[N], lampeON[N], lampeOFF[N], objetB[N], objetA[N], atB[N], atA[N];</declaration><template><name x="5" y="5">CTRL</name><declaration>// Place local declarations here.
int historiques[N];
int[0,N] len;
clock z[N];
id_t t;

void UpdateHistorique(int element, int numeroEtape)
{
	historiques[element] = numeroEtape;
}

bool VerifierHistoriquePrecedent(int element,int numeroEtape)
{
	if(historiques[element] == numeroEtape - 1)
	{
		return true;
	}
	return false;
		
}
</declaration><location id="id0" x="-592" y="-288"><urgent/></location><location id="id1" x="104" y="-416"><name x="128" y="-432">recoitobjet</name><urgent/></location><location id="id2" x="-152" y="-160"><urgent/></location><location id="id3" x="-40" y="-280"><name x="-24" y="-288">findeposeobjet</name><urgent/></location><location id="id4" x="40" y="-520"><name x="56" y="-536">deposeobjet</name><urgent/></location><location id="id5" x="-48" y="-616"><name x="-24" y="-624">lampon</name><urgent/></location><location id="id6" x="-208" y="-744"><name x="-232" y="-776">rendusb</name><urgent/></location><location id="id7" x="-400" y="-720"><name x="-432" y="-752">princeMonte</name><urgent/></location><location id="id8" x="-488" y="-648"><name x="-576" y="-680">PinceFermee</name><urgent/></location><location id="id9" x="-600" y="-560"><name x="-696" y="-576">ObjetRecut</name><urgent/></location><location id="id10" x="-312" y="-424"><name x="-328" y="-408">idle</name></location><init ref="id10"/><transition><source ref="id0"/><target ref="id10"/><label kind="synchronisation" x="-624" y="-368">MB[t]!</label><label kind="assignment" x="-672" y="-352">UpdateHistorique(t,0),
z[t]=0</label><nail x="-472" y="-400"/></transition><transition><source ref="id10"/><target ref="id0"/><label kind="select" x="-496" y="-344">e:id_t</label><label kind="guard" x="-528" y="-312">VerifierHistoriquePrecedent(e,4)
and z[e] &gt;= 3 
and z[e] &lt;= 7</label><label kind="synchronisation" x="-496" y="-328">atA[e]?</label><label kind="assignment" x="-528" y="-264">UpdateHistorique(e,4),
t=e</label></transition><transition><source ref="id2"/><target ref="id10"/><label kind="synchronisation" x="-272" y="-288">MG[t]!</label></transition><transition><source ref="id3"/><target ref="id2"/><label kind="synchronisation" x="-80" y="-232">MH[t]!</label><label kind="assignment" x="-80" y="-216">z[t]=0</label></transition><transition><source ref="id1"/><target ref="id3"/><label kind="synchronisation" x="24" y="-336">lampeOFF[t]!</label><label kind="assignment" x="16" y="-320">numObjetB[t]=numObjetB[t]+1</label></transition><transition><source ref="id10"/><target ref="id1"/><label kind="select" x="-208" y="-440">e:id_t</label><label kind="guard" x="-208" y="-376">VerifierHistoriquePrecedent(e,3)
and z[e] &gt;= 4 
and z[e] &lt;= 8</label><label kind="synchronisation" x="-208" y="-424">objetB[e]?</label><label kind="assignment" x="-208" y="-408">UpdateHistorique(e,3),
t=e</label></transition><transition><source ref="id4"/><target ref="id10"/><label kind="synchronisation" x="-136" y="-472">OP[t]!</label></transition><transition><source ref="id5"/><target ref="id4"/><label kind="synchronisation" x="8" y="-576">MB[t]!</label></transition><transition><source ref="id6"/><target ref="id5"/><label kind="synchronisation" x="-120" y="-712">lampeON[t]!</label><label kind="assignment" x="-112" y="-696">z[t]=0</label></transition><transition><source ref="id10"/><target ref="id6"/><label kind="select" x="-240" y="-624">e: id_t</label><label kind="guard" x="-264" y="-560">VerifierHistoriquePrecedent(e,2) 
and z[e] &lt;= 10
and z[e] &gt;= 5</label><label kind="synchronisation" x="-248" y="-608">atB[e]?</label><label kind="assignment" x="-256" y="-592">UpdateHistorique(e,2),
t=e</label></transition><transition><source ref="id7"/><target ref="id10"/><label kind="synchronisation" x="-392" y="-584">MD[t]!</label><nail x="-312" y="-440"/></transition><transition><source ref="id8"/><target ref="id7"/><label kind="synchronisation" x="-472" y="-712">MH[t]!</label></transition><transition><source ref="id9"/><target ref="id8"/><label kind="synchronisation" x="-584" y="-640">FP[t]!</label><label kind="assignment" x="-584" y="-624">z[t]=0</label></transition><transition><source ref="id10"/><target ref="id9"/><label kind="select" x="-592" y="-536">e : id_t</label><label kind="guard" x="-696" y="-504">VerifierHistoriquePrecedent(e,1) and
((numObjetB[e]&gt;0) imply 
(z[e]&gt;=2 and z[e]&lt;=6))</label><label kind="synchronisation" x="-592" y="-520">objetA[e]?</label><label kind="assignment" x="-696" y="-456">UpdateHistorique(e, 1),
numObjetA[e]=numObjetA[e]+1,
t=e</label></transition></template><template><name>Pince</name><parameter>const id_t id</parameter><location id="id11" x="-1304" y="-152"><name x="-1288" y="-160">HauteOuverte</name></location><location id="id12" x="-1432" y="-360"><name x="-1472" y="-400">HauteFermee</name></location><location id="id13" x="-1576" y="-168"><name x="-1688" y="-176">BasseFermee</name></location><location id="id14" x="-1440" y="48"><name x="-1480" y="64">BasseOuverte</name></location><init ref="id14"/><transition><source ref="id11"/><target ref="id14"/><label kind="synchronisation" x="-1320" y="-48">MB[id]?</label><nail x="-1328" y="-64"/></transition><transition><source ref="id14"/><target ref="id11"/><label kind="synchronisation" x="-1416" y="-88">MH[id]?</label><nail x="-1440" y="32"/></transition><transition><source ref="id12"/><target ref="id11"/><label kind="synchronisation" x="-1312" y="-288">OP[id]?</label><nail x="-1320" y="-264"/></transition><transition><source ref="id11"/><target ref="id12"/><label kind="synchronisation" x="-1408" y="-248">FP[id]?</label></transition><transition><source ref="id13"/><target ref="id14"/><label kind="synchronisation" x="-1576" y="-40">OP[id]?</label><nail x="-1528" y="-32"/></transition><transition><source ref="id12"/><target ref="id13"/><label kind="synchronisation" x="-1584" y="-296">MB[id]?</label><nail x="-1536" y="-280"/></transition><transition><source ref="id13"/><target ref="id12"/><label kind="synchronisation" x="-1504" y="-256">MH[id]?</label></transition><transition><source ref="id14"/><target ref="id13"/><label kind="synchronisation" x="-1504" y="-88">FP[id]?</label></transition></template><template><name>Chariot</name><parameter>const id_t id</parameter><location id="id15" x="-416" y="-56"></location><location id="id16" x="-248" y="-144"><name x="-258" y="-174">PositionB</name></location><location id="id17" x="-416" y="-144"></location><location id="id18" x="-600" y="-144"><name x="-608" y="-176">PositionA</name></location><init ref="id18"/><transition><source ref="id15"/><target ref="id18"/><label kind="synchronisation" x="-536" y="-88">atA[id]!</label></transition><transition><source ref="id16"/><target ref="id15"/><label kind="synchronisation" x="-336" y="-96">MG[id]?</label></transition><transition><source ref="id17"/><target ref="id16"/><label kind="synchronisation" x="-344" y="-168">atB[id]!</label></transition><transition><source ref="id18"/><target ref="id17"/><label kind="synchronisation" x="-528" y="-168">MD[id]?</label></transition></template><template><name>Lampe</name><parameter>const id_t id</parameter><location id="id19" x="-288" y="-48"><name x="-298" y="-78">on</name></location><location id="id20" x="-440" y="-48"><name x="-456" y="-88">off</name></location><init ref="id20"/><transition><source ref="id19"/><target ref="id20"/><label kind="synchronisation" x="-392" y="0">lampeOFF[id]?</label><nail x="-368" y="-8"/></transition><transition><source ref="id20"/><target ref="id19"/><label kind="synchronisation" x="-400" y="-112">lampeON[id]?</label><nail x="-368" y="-80"/></transition></template><template><name>SoA</name><parameter>const id_t id</parameter><location id="id21" x="-272" y="-32"></location><init ref="id21"/><transition><source ref="id21"/><target ref="id21"/><label kind="synchronisation" x="-176" y="-40">objetA[id]!</label><nail x="-192" y="-96"/><nail x="-192" y="40"/></transition></template><template><name>SoB</name><parameter>const id_t id</parameter><location id="id22" x="-208" y="-24"></location><init ref="id22"/><transition><source ref="id22"/><target ref="id22"/><label kind="synchronisation" x="-120" y="-40">objetB[id]!</label><nail x="-136" y="-104"/><nail x="-136" y="40"/></transition></template><system>// Place template instantiations here.
ctrl1 = CTRL();

pince1 = Pince(0);
chariot1 = Chariot(0);
lamp1 = Lampe(0);
soa1 = SoA(0);
sob1 = SoB(0);

pince2 = Pince(1);
chariot2 = Chariot(1);
lamp2 = Lampe(1);
soa2 = SoA(1);
sob2 = SoB(1);

// List one or more processes to be composed into a system.
//system ctrl1, pince1, chariot1, lamp1, soa1, sob1;
system lamp1, soa1, sob1, ctrl1, chariot1, pince1,lamp2, soa2, sob2, chariot2, pince2;</system></nta>