<?xml version="1.0" encoding="utf-8"?><!DOCTYPE nta PUBLIC '-//Uppaal Team//DTD Flat System 1.1//EN' 'http://www.it.uu.se/research/group/darts/uppaal/flat-1_1.dtd'><nta><declaration>// Place global declarations here.
const int N = 2;         // # dispositif
typedef int[0,N-1] id_t;

clock x;

int numObjetA[N], numObjetB[N];
chan FP[N], OP[N], MD[N], MG[N], MH[N], MB[N], lampeON[N], lampeOFF[N], objetB[N], objetA[N], atB[N], atA[N];</declaration><template><name x="5" y="5">CTRL</name><declaration>// Place local declarations here.
int historiques[N];
int[0,N] len;
clock z[N];
id_t t;

void UpdateHistorique(int element, int numeroEtape)
{
	historiques[element] = numeroEtape;
}

bool VerifierHistoriquePrecedent(int element,int numeroEtape)
{
	if(historiques[element] == numeroEtape - 1)
	{
		return true;
	}
	return false;
		
}
</declaration><location id="id0" x="-448" y="-200"><urgent/></location><location id="id1" x="-16" y="-440"><name x="-72" y="-472">recoitobjet</name><urgent/></location><location id="id2" x="-144" y="-200"><urgent/></location><location id="id3" x="-32" y="-320"><name x="-16" y="-328">findeposeobjet</name><urgent/></location><location id="id4" x="-288" y="-976"><name x="-298" y="-1006">ErreurTermine</name></location><location id="id5" x="-24" y="-520"><name x="0" y="-528">deposeobjet</name><urgent/></location><location id="id6" x="-72" y="-632"><name x="-82" y="-662">lampon</name><urgent/></location><location id="id7" x="-176" y="-728"><name x="-186" y="-758">rendusb</name><urgent/></location><location id="id8" x="-312" y="-760"><name x="-320" y="-792">princeMonte</name><urgent/></location><location id="id9" x="-432" y="-728"><name x="-480" y="-760">PinceFermee</name><urgent/></location><location id="id10" x="-600" y="-560"><name x="-696" y="-576">ObjetRecut</name><urgent/></location><location id="id11" x="-312" y="-424"><name x="-336" y="-416">idle</name></location><init ref="id11"/><transition><source ref="id0"/><target ref="id4"/><label kind="guard" x="-744" y="-224">z[t]&lt;3</label><nail x="-816" y="-264"/><nail x="-816" y="-1000"/></transition><transition><source ref="id0"/><target ref="id4"/><label kind="guard" x="-768" y="-296">z[t]&gt;7</label><nail x="-756" y="-310"/><nail x="-748" y="-958"/></transition><transition><source ref="id0"/><target ref="id11"/><label kind="synchronisation" x="-504" y="-304">MB[t]!</label><label kind="assignment" x="-440" y="-312">UpdateHistorique(t,0)</label><nail x="-448" y="-344"/></transition><transition><source ref="id11"/><target ref="id0"/><label kind="select" x="-392" y="-288">e:id_t</label><label kind="guard" x="-400" y="-272">VerifierHistoriquePrecedent(e,4)</label><label kind="synchronisation" x="-400" y="-256">atA[e]?</label><label kind="assignment" x="-400" y="-240">UpdateHistorique(e,4),
t=e</label></transition><transition><source ref="id1"/><target ref="id4"/><label kind="guard" x="80" y="-672">z[t]&gt;8</label><nail x="156" y="-462"/><nail x="-68" y="-934"/><nail x="-276" y="-974"/></transition><transition><source ref="id1"/><target ref="id4"/><label kind="guard" x="-32" y="-696">z[t]&lt;4</label><nail x="96" y="-488"/><nail x="-96" y="-920"/></transition><transition><source ref="id2"/><target ref="id11"/><label kind="synchronisation" x="-288" y="-327">MG[t]!</label><label kind="assignment" x="-288" y="-312">z[t]=0</label></transition><transition><source ref="id3"/><target ref="id2"/><label kind="synchronisation" x="-128" y="-272">MH[t]!</label></transition><transition><source ref="id1"/><target ref="id3"/><label kind="synchronisation" x="-8" y="-400">lampeOFF[t]!</label><label kind="assignment" x="-16" y="-376">numObjetB[t]=numObjetB[t]+1,
z[t]=0</label></transition><transition><source ref="id11"/><target ref="id1"/><label kind="select" x="-200" y="-464">e:id_t</label><label kind="guard" x="-264" y="-408">VerifierHistoriquePrecedent(e,3)</label><label kind="synchronisation" x="-224" y="-447">objetB[e]?</label><label kind="assignment" x="-224" y="-432">UpdateHistorique(e,3),
t=e</label></transition><transition><source ref="id7"/><target ref="id4"/><label kind="guard" x="-216" y="-888">z[t]&gt;10</label><nail x="-160" y="-888"/></transition><transition><source ref="id7"/><target ref="id4"/><label kind="guard" x="-292" y="-882">z[t]&lt;5</label></transition><transition><source ref="id5"/><target ref="id11"/><label kind="synchronisation" x="-200" y="-488">OP[t]!</label></transition><transition><source ref="id6"/><target ref="id5"/><label kind="synchronisation" x="-88" y="-576">MB[t]!</label></transition><transition><source ref="id7"/><target ref="id6"/><label kind="synchronisation" x="-192" y="-672">lampeON[t]!</label><label kind="assignment" x="-168" y="-656">z[t]=0</label></transition><transition><source ref="id11"/><target ref="id7"/><label kind="select" x="-280" y="-624">e: id_t</label><label kind="guard" x="-304" y="-608">VerifierHistoriquePrecedent(e,2)</label><label kind="synchronisation" x="-288" y="-592">atB[e]?</label><label kind="assignment" x="-304" y="-576">UpdateHistorique(e,2),
t=e</label></transition><transition><source ref="id8"/><target ref="id11"/><label kind="synchronisation" x="-360" y="-616">MD[t]!</label><nail x="-312" y="-440"/></transition><transition><source ref="id9"/><target ref="id8"/><label kind="synchronisation" x="-400" y="-728">MH[t]!</label></transition><transition><source ref="id10"/><target ref="id9"/><label kind="synchronisation" x="-576" y="-659">FP[t]!</label><label kind="assignment" x="-576" y="-644">z[t]=0</label></transition><transition><source ref="id11"/><target ref="id10"/><label kind="select" x="-568" y="-512">e : id_t</label><label kind="guard" x="-624" y="-472">VerifierHistoriquePrecedent(e,1)</label><label kind="synchronisation" x="-528" y="-488">objetA[e]?</label><label kind="assignment" x="-584" y="-456">UpdateHistorique(e, 1),
numObjetA[e]=numObjetA[e]+1,
t=e</label></transition></template><template><name>Pince</name><parameter>const id_t id</parameter><location id="id12" x="-1304" y="-152"><name x="-1288" y="-160">HauteOuverte</name></location><location id="id13" x="-1432" y="-360"><name x="-1472" y="-400">HauteFermee</name></location><location id="id14" x="-1576" y="-168"><name x="-1688" y="-176">BasseFermee</name></location><location id="id15" x="-1440" y="48"><name x="-1480" y="64">BasseOuverte</name></location><init ref="id15"/><transition><source ref="id12"/><target ref="id15"/><label kind="synchronisation" x="-1320" y="-48">MB[id]?</label><nail x="-1328" y="-64"/></transition><transition><source ref="id15"/><target ref="id12"/><label kind="synchronisation" x="-1416" y="-88">MH[id]?</label><nail x="-1440" y="32"/></transition><transition><source ref="id13"/><target ref="id12"/><label kind="synchronisation" x="-1312" y="-288">OP[id]?</label><nail x="-1320" y="-264"/></transition><transition><source ref="id12"/><target ref="id13"/><label kind="synchronisation" x="-1408" y="-248">FP[id]?</label></transition><transition><source ref="id14"/><target ref="id15"/><label kind="synchronisation" x="-1576" y="-40">OP[id]?</label><nail x="-1528" y="-32"/></transition><transition><source ref="id13"/><target ref="id14"/><label kind="synchronisation" x="-1584" y="-296">MB[id]?</label><nail x="-1536" y="-280"/></transition><transition><source ref="id14"/><target ref="id13"/><label kind="synchronisation" x="-1504" y="-256">MH[id]?</label></transition><transition><source ref="id15"/><target ref="id14"/><label kind="synchronisation" x="-1504" y="-88">FP[id]?</label></transition></template><template><name>Chariot</name><parameter>const id_t id</parameter><location id="id16" x="-416" y="-56"><committed/></location><location id="id17" x="-248" y="-144"><name x="-258" y="-174">PositionB</name></location><location id="id18" x="-416" y="-144"><committed/></location><location id="id19" x="-600" y="-144"><name x="-608" y="-176">PositionA</name></location><init ref="id19"/><transition><source ref="id16"/><target ref="id19"/><label kind="synchronisation" x="-536" y="-88">atA[id]!</label></transition><transition><source ref="id17"/><target ref="id16"/><label kind="synchronisation" x="-336" y="-96">MG[id]?</label></transition><transition><source ref="id18"/><target ref="id17"/><label kind="synchronisation" x="-344" y="-168">atB[id]!</label></transition><transition><source ref="id19"/><target ref="id18"/><label kind="synchronisation" x="-528" y="-168">MD[id]?</label></transition></template><template><name>Lampe</name><parameter>const id_t id</parameter><location id="id20" x="-288" y="-48"><name x="-298" y="-78">on</name></location><location id="id21" x="-440" y="-48"><name x="-456" y="-88">off</name></location><init ref="id21"/><transition><source ref="id20"/><target ref="id21"/><label kind="synchronisation" x="-392" y="0">lampeOFF[id]?</label><nail x="-368" y="-8"/></transition><transition><source ref="id21"/><target ref="id20"/><label kind="synchronisation" x="-400" y="-112">lampeON[id]?</label><nail x="-368" y="-80"/></transition></template><template><name>SoA</name><parameter>const id_t id</parameter><location id="id22" x="-272" y="-32"></location><init ref="id22"/><transition><source ref="id22"/><target ref="id22"/><label kind="synchronisation" x="-176" y="-40">objetA[id]!</label><nail x="-192" y="-96"/><nail x="-192" y="40"/></transition></template><template><name>SoB</name><parameter>const id_t id</parameter><location id="id23" x="-208" y="-24"></location><init ref="id23"/><transition><source ref="id23"/><target ref="id23"/><label kind="synchronisation" x="-120" y="-40">objetB[id]!</label><nail x="-136" y="-104"/><nail x="-136" y="40"/></transition></template><system>// Place template instantiations here.
ctrl1 = CTRL();

pince1 = Pince(0);
chariot1 = Chariot(0);
lamp1 = Lampe(0);
soa1 = SoA(0);
sob1 = SoB(0);

pince2 = Pince(1);
chariot2 = Chariot(1);
lamp2 = Lampe(1);
soa2 = SoA(1);
sob2 = SoB(1);

// List one or more processes to be composed into a system.
//system ctrl1, pince1, chariot1, lamp1, soa1, sob1;
system lamp1, soa1, sob1, ctrl1, chariot1, pince1,lamp2, soa2, sob2, chariot2, pince2;</system></nta>