<?xml version='1.0' encoding='utf-8'?><!DOCTYPE nta PUBLIC '-//Uppaal Team//DTD Flat System 1.1//EN' 'http://www.it.uu.se/research/group/darts/uppaal/flat-1_1.dtd'><nta><declaration>// Place global declarations here.
const int N = 2;         // # dispositif
typedef int[0,N-1] id_t;

clock x;

int numObjetA[N], numObjetB[N];
chan FP[N], OP[N], MD[N], MG[N], MH[N], MB[N], lampeON[N], lampeOFF[N], objetB[N], objetA[N], atB[N], atA[N];</declaration><template><name x="5" y="5">CTRL</name><declaration>// Place local declarations here.
int historiques[N];
int[0,N] len;
clock z[N];


void UpdateHistorique(int element, int numeroEtape)
{
	historiques[element] = numeroEtape;
}</declaration><location id="id0" x="-312" y="-424"></location><init ref="id0"/><transition><source ref="id0"/><target ref="id0"/><label kind="select" x="-160" y="-216">e : id_t</label><label kind="guard" x="-160" y="-200">historiques[e] == 6</label><label kind="synchronisation" x="-160" y="-184">MB[e]!</label><label kind="assignment" x="-160" y="-168">UpdateHistorique(e,7),
z[e]=0</label><nail x="-168" y="-136"/><nail x="-272" y="-312"/></transition><transition><source ref="id0"/><target ref="id0"/><label kind="select" x="-176" y="-312">e : id_t</label><label kind="guard" x="-176" y="-296">historiques[e] == 5</label><label kind="synchronisation" x="-176" y="-280">lampeON[e]!</label><label kind="assignment" x="-176" y="-264">UpdateHistorique(e,6)</label><nail x="-168" y="-224"/><nail x="-248" y="-312"/></transition><transition><source ref="id0"/><target ref="id0"/><label kind="select" x="-216" y="-384">e : id_t</label><label kind="guard" x="-216" y="-368">historiques[e] == 4 and z[e]&gt;=5 and z[e]&lt;=10</label><label kind="synchronisation" x="-216" y="-352">atB[e]?</label><label kind="assignment" x="-216" y="-336">UpdateHistorique(e,5)</label><nail x="-216" y="-312"/><nail x="-264" y="-384"/></transition><transition><source ref="id0"/><target ref="id0"/><label kind="select" x="-264" y="-464">e : id_t</label><label kind="guard" x="-264" y="-448">historiques[e] == 3</label><label kind="synchronisation" x="-264" y="-432">MD[e]!</label><label kind="assignment" x="-264" y="-416">UpdateHistorique(e,4)</label><nail x="-264" y="-464"/><nail x="-288" y="-464"/></transition><transition><source ref="id0"/><target ref="id0"/><label kind="select" x="-264" y="-552">e : id_t</label><label kind="guard" x="-264" y="-536">historiques[e] == 2</label><label kind="synchronisation" x="-264" y="-520">MH[e]!</label><label kind="assignment" x="-264" y="-504">UpdateHistorique(e,3),
z[e]=0</label><nail x="-264" y="-560"/><nail x="-288" y="-528"/></transition><transition><source ref="id0"/><target ref="id0"/><label kind="select" x="-272" y="-656">e : id_t</label><label kind="guard" x="-272" y="-640">historiques[e] == 1</label><label kind="synchronisation" x="-272" y="-624">FP[e]!</label><label kind="assignment" x="-272" y="-608">UpdateHistorique(e, 2),
numObjetA[e]=numObjetA[e]+1</label><nail x="-280" y="-664"/><nail x="-304" y="-576"/></transition><transition><source ref="id0"/><target ref="id0"/><label kind="select" x="-304" y="-728">e : id_t</label><label kind="synchronisation" x="-304" y="-712">objetA[e]?</label><label kind="assignment" x="-304" y="-696">UpdateHistorique(e, 1)</label><nail x="-312" y="-720"/><nail x="-328" y="-576"/></transition></template><template><name>Pince</name><parameter>const id_t id</parameter><location id="id1" x="-1304" y="-152"><name x="-1288" y="-160">HauteOuverte</name></location><location id="id2" x="-1432" y="-360"><name x="-1472" y="-400">HauteFermee</name></location><location id="id3" x="-1576" y="-168"><name x="-1688" y="-176">BasseFermee</name></location><location id="id4" x="-1440" y="48"><name x="-1480" y="64">BasseOuverte</name></location><init ref="id4"/><transition><source ref="id1"/><target ref="id4"/><label kind="synchronisation" x="-1320" y="-48">MB[id]?</label><nail x="-1328" y="-64"/></transition><transition><source ref="id4"/><target ref="id1"/><label kind="synchronisation" x="-1416" y="-88">MH[id]?</label><nail x="-1440" y="32"/></transition><transition><source ref="id2"/><target ref="id1"/><label kind="synchronisation" x="-1312" y="-288">OP[id]?</label><nail x="-1320" y="-264"/></transition><transition><source ref="id1"/><target ref="id2"/><label kind="synchronisation" x="-1408" y="-248">FP[id]?</label></transition><transition><source ref="id3"/><target ref="id4"/><label kind="synchronisation" x="-1576" y="-40">OP[id]?</label><nail x="-1528" y="-32"/></transition><transition><source ref="id2"/><target ref="id3"/><label kind="synchronisation" x="-1584" y="-296">MB[id]?</label><nail x="-1536" y="-280"/></transition><transition><source ref="id3"/><target ref="id2"/><label kind="synchronisation" x="-1504" y="-256">MH[id]?</label></transition><transition><source ref="id4"/><target ref="id3"/><label kind="synchronisation" x="-1504" y="-88">FP[id]?</label></transition></template><template><name>Chariot</name><parameter>const id_t id</parameter><location id="id5" x="-416" y="-56"><committed/></location><location id="id6" x="-248" y="-144"><name x="-258" y="-174">PositionB</name></location><location id="id7" x="-416" y="-144"><committed/></location><location id="id8" x="-600" y="-144"><name x="-608" y="-176">PositionA</name></location><init ref="id8"/><transition><source ref="id5"/><target ref="id8"/><label kind="synchronisation" x="-536" y="-88">atA[id]!</label></transition><transition><source ref="id6"/><target ref="id5"/><label kind="synchronisation" x="-336" y="-96">MG[id]?</label></transition><transition><source ref="id7"/><target ref="id6"/><label kind="synchronisation" x="-344" y="-168">atB[id]!</label></transition><transition><source ref="id8"/><target ref="id7"/><label kind="synchronisation" x="-528" y="-168">MD[id]?</label></transition></template><template><name>Lampe</name><parameter>const id_t id</parameter><location id="id9" x="-288" y="-48"><name x="-298" y="-78">on</name></location><location id="id10" x="-440" y="-48"><name x="-456" y="-88">off</name></location><init ref="id10"/><transition><source ref="id9"/><target ref="id10"/><label kind="synchronisation" x="-392" y="0">lampeOFF[id]?</label><nail x="-368" y="-8"/></transition><transition><source ref="id10"/><target ref="id9"/><label kind="synchronisation" x="-400" y="-112">lampeON[id]?</label><nail x="-368" y="-80"/></transition></template><template><name>SoA</name><parameter>const id_t id</parameter><location id="id11" x="-272" y="-32"></location><init ref="id11"/><transition><source ref="id11"/><target ref="id11"/><label kind="synchronisation" x="-176" y="-40">objetA[id]!</label><nail x="-192" y="-96"/><nail x="-192" y="40"/></transition></template><template><name>SoB</name><parameter>const id_t id</parameter><location id="id12" x="-208" y="-24"></location><init ref="id12"/><transition><source ref="id12"/><target ref="id12"/><label kind="synchronisation" x="-120" y="-40">objetB[id]!</label><nail x="-136" y="-104"/><nail x="-136" y="40"/></transition></template><system>// Place template instantiations here.
ctrl1 = CTRL();

pince1 = Pince(0);
chariot1 = Chariot(0);
lamp1 = Lampe(0);
soa1 = SoA(0);
sob1 = SoB(0);

pince2 = Pince(1);
chariot2 = Chariot(1);
lamp2 = Lampe(1);
soa2 = SoA(1);
sob2 = SoB(1);

// List one or more processes to be composed into a system.
//system ctrl1, pince1, chariot1, lamp1, soa1, sob1;
system lamp1, soa1, sob1, ctrl1, chariot1, pince1,lamp2, soa2, sob2, chariot2, pince2;</system></nta>