<?xml version="1.0" encoding="utf-8"?><!DOCTYPE nta PUBLIC '-//Uppaal Team//DTD Flat System 1.1//EN' 'http://www.it.uu.se/research/group/darts/uppaal/flat-1_1.dtd'><nta><declaration>// Place global declarations here.
clock x;
chan FP, OP, MD, MG, MH, MB, lampeON, lampeOFF, objetB, objetA, atB, atA;</declaration><template><name x="5" y="5">CTRL</name><declaration>// Place local declarations here.
</declaration><location id="id0" x="-8" y="184"><name x="-48" y="216">RetourDepart</name><label kind="invariant" x="-24" y="200">x&lt;=6</label></location><location id="id1" x="200" y="-128"><name x="160" y="-176">Deplacement3</name></location><location id="id2" x="80" y="-48"><committed/></location><location id="id3" x="-192" y="-128"><name x="-232" y="-168">Deplacement1</name></location><location id="id4" x="-80" y="-56"><committed/></location><location id="id5" x="320" y="184"><name x="344" y="168">FinDeplacement3</name></location><location id="id6" x="320" y="-128"><label kind="invariant" x="320" y="-160">x&lt;=7</label></location><location id="id7" x="80" y="-128"><name x="32" y="-176">FinDeposeObjet</name></location><location id="id8" x="80" y="136"><label kind="invariant" x="96" y="128">x&lt;=8</label></location><location id="id9" x="-80" y="136"><name x="-192" y="128">DeposeObjet</name></location><location id="id10" x="-80" y="32"><name x="-208" y="24">FinDeplacement1</name></location><location id="id11" x="-80" y="-128"><label kind="invariant" x="-96" y="-160">x&lt;=10</label></location><location id="id12" x="-296" y="-128"><name x="-368" y="-168">PrendObjet</name></location><location id="id13" x="-296" y="-8"><name x="-400" y="-16">RecoitObjetA</name></location><location id="id14" x="-296" y="184"><name x="-360" y="176">Depart</name></location><init ref="id14"/><transition><source ref="id0"/><target ref="id14"/><label kind="guard" x="-176" y="184">x&gt;=2</label></transition><transition><source ref="id1"/><target ref="id6"/><label kind="synchronisation" x="232" y="-152">MD!</label></transition><transition><source ref="id8"/><target ref="id2"/><label kind="guard" x="88" y="40">x&gt;=4</label><label kind="synchronisation" x="88" y="24">objetB?</label></transition><transition><source ref="id3"/><target ref="id11"/><label kind="synchronisation" x="-152" y="-128">MG!</label></transition><transition><source ref="id4"/><target ref="id10"/><label kind="synchronisation" x="-72" y="-24">lampeON!</label></transition><transition><source ref="id5"/><target ref="id0"/><label kind="synchronisation" x="152" y="184">MB!</label><label kind="assignment" x="152" y="200">x=0</label><nail x="24" y="184"/></transition><transition><source ref="id6"/><target ref="id5"/><label kind="guard" x="328" y="16">x&gt;=3</label><label kind="synchronisation" x="328" y="0">atA?</label></transition><transition><source ref="id7"/><target ref="id1"/><label kind="synchronisation" x="128" y="-152">MH!</label><label kind="assignment" x="128" y="-128">x=0</label></transition><transition><source ref="id2"/><target ref="id7"/><label kind="synchronisation" x="88" y="-96">lampeOFF!</label></transition><transition><source ref="id9"/><target ref="id8"/><label kind="synchronisation" x="-16" y="136">OP!</label></transition><transition><source ref="id10"/><target ref="id9"/><label kind="synchronisation" x="-72" y="56">MB!</label><label kind="assignment" x="-72" y="72">x=0</label></transition><transition><source ref="id11"/><target ref="id4"/><label kind="guard" x="-72" y="-96">x&gt;=5</label><label kind="synchronisation" x="-72" y="-112">atB?</label></transition><transition><source ref="id12"/><target ref="id3"/><label kind="synchronisation" x="-256" y="-128">MH!</label><label kind="assignment" x="-256" y="-112">x=0</label></transition><transition><source ref="id13"/><target ref="id12"/><label kind="synchronisation" x="-288" y="-72">FP!</label></transition><transition><source ref="id14"/><target ref="id13"/><label kind="synchronisation" x="-288" y="72">objetA?</label></transition></template><template><name>Pince</name><location id="id15" x="-1440" y="-160"><name x="-1480" y="-192">HauteOuverte</name></location><location id="id16" x="-1296" y="-160"><name x="-1272" y="-168">BasseFermeeB</name></location><location id="id17" x="-1432" y="-360"><name x="-1472" y="-400">HauteFermee</name></location><location id="id18" x="-1576" y="-168"><name x="-1688" y="-176">BasseFermeeA</name></location><location id="id19" x="-1440" y="48"><name x="-1480" y="64">BasseOuverte</name></location><init ref="id19"/><transition><source ref="id15"/><target ref="id19"/><label kind="synchronisation" x="-1392" y="-136">MB?</label><nail x="-1360" y="-64"/></transition><transition><source ref="id19"/><target ref="id15"/><label kind="synchronisation" x="-1432" y="-72">MH?</label><nail x="-1440" y="32"/></transition><transition><source ref="id17"/><target ref="id16"/><label kind="synchronisation" x="-1312" y="-288">MB?</label><nail x="-1320" y="-264"/></transition><transition><source ref="id16"/><target ref="id17"/><label kind="synchronisation" x="-1392" y="-256">FP?</label></transition><transition><source ref="id16"/><target ref="id19"/><label kind="synchronisation" x="-1320" y="-32">OP?</label><nail x="-1336" y="-32"/></transition><transition><source ref="id18"/><target ref="id19"/><label kind="synchronisation" x="-1568" y="-40">OP?</label><nail x="-1528" y="-32"/></transition><transition><source ref="id17"/><target ref="id18"/><label kind="synchronisation" x="-1576" y="-296">MB?</label><nail x="-1536" y="-280"/></transition><transition><source ref="id18"/><target ref="id17"/><label kind="synchronisation" x="-1504" y="-256">MH?</label></transition><transition><source ref="id19"/><target ref="id18"/><label kind="synchronisation" x="-1504" y="-88">FP?</label></transition></template><template><name>Chariot</name><location id="id20" x="-416" y="-56"><committed/></location><location id="id21" x="-248" y="-144"><name x="-258" y="-174">PositionB</name></location><location id="id22" x="-416" y="-144"><committed/></location><location id="id23" x="-600" y="-144"><name x="-608" y="-176">PositionA</name></location><init ref="id23"/><transition><source ref="id20"/><target ref="id23"/><label kind="synchronisation" x="-528" y="-96">atA!</label></transition><transition><source ref="id21"/><target ref="id20"/><label kind="synchronisation" x="-336" y="-96">MD?</label></transition><transition><source ref="id22"/><target ref="id21"/><label kind="synchronisation" x="-344" y="-168">atB!</label></transition><transition><source ref="id23"/><target ref="id22"/><label kind="synchronisation" x="-528" y="-168">MG?</label></transition></template><template><name>Lampe</name><location id="id24" x="-288" y="-48"><name x="-298" y="-78">on</name></location><location id="id25" x="-440" y="-48"><name x="-456" y="-88">off</name></location><init ref="id25"/><transition><source ref="id24"/><target ref="id25"/><label kind="synchronisation" x="-392" y="0">lampeOFF?</label><nail x="-368" y="-8"/></transition><transition><source ref="id25"/><target ref="id24"/><label kind="synchronisation" x="-400" y="-112">lampeON?</label><nail x="-368" y="-80"/></transition></template><template><name>SoA</name><location id="id26" x="-272" y="-32"></location><init ref="id26"/><transition><source ref="id26"/><target ref="id26"/><label kind="synchronisation" x="-176" y="-40">objetA!</label><nail x="-192" y="-96"/><nail x="-192" y="40"/></transition></template><template><name>SoB</name><location id="id27" x="-208" y="-24"></location><init ref="id27"/><transition><source ref="id27"/><target ref="id27"/><label kind="synchronisation" x="-120" y="-40">objetB!</label><nail x="-136" y="-104"/><nail x="-136" y="40"/></transition></template><system>// Place template instantiations here.
ctrl1 = CTRL();
pince1 = Pince();
chariot1 = Chariot();
lamp1 = Lampe();
soa1 = SoA();
sob1 = SoB();

// List one or more processes to be composed into a system.
//system ctrl1, pince1, chariot1, lamp1, soa1, sob1;
system lamp1, soa1, sob1, ctrl1, chariot1, pince1;</system></nta>