<?xml version="1.0" encoding="utf-8"?><!DOCTYPE nta PUBLIC '-//Uppaal Team//DTD Flat System 1.1//EN' 'http://www.it.uu.se/research/group/darts/uppaal/flat-1_1.dtd'><nta><declaration>// Place global declarations here.
clock x;
chan object;</declaration><template><name x="5" y="5">CTRL</name><declaration>// Place local declarations here.
</declaration><location id="id0" x="152" y="96"><name x="142" y="66">baissePince</name></location><location id="id1" x="152" y="-128"><name x="142" y="-158">déplacementdroite</name></location><location id="id2" x="24" y="-128"><name x="14" y="-158">objetbreçut</name></location><location id="id3" x="24" y="-8"><name x="14" y="-38">pinceOuverte</name></location><location id="id4" x="24" y="56"><name x="14" y="26">ArriverGauche</name></location><location id="id5" x="-80" y="56"><name x="-90" y="26">versGauche</name></location><location id="id6" x="-80" y="-8"><name x="-90" y="-38">BaissePince</name></location><location id="id7" x="-80" y="-128"><name x="-90" y="-158">déplaceObjt</name></location><location id="id8" x="-232" y="-128"><name x="-242" y="-158">prendsObjet</name></location><location id="id9" x="-232" y="-8"><name x="-242" y="-38">reçoitObjetA</name></location><location id="id10" x="-232" y="96"></location><location id="id11" x="-232" y="96"></location><location id="id12" x="-232" y="96"></location><location id="id13" x="-232" y="96"></location><location id="id14" x="-232" y="96"></location><location id="id15" x="-232" y="96"><name x="-242" y="66">départ</name></location><init ref="id15"/><transition><source ref="id0"/><target ref="id15"/><label kind="synchronisation" x="-100" y="81">MB!</label></transition><transition><source ref="id1"/><target ref="id0"/><label kind="select" x="120" y="-32">atA?</label></transition><transition><source ref="id2"/><target ref="id1"/><label kind="synchronisation" x="56" y="-120">MD! MH!</label></transition><transition><source ref="id3"/><target ref="id2"/><label kind="synchronisation" x="-32" y="-80">objetb?,lampe(OFF)!</label></transition><transition><source ref="id4"/><target ref="id3"/><label kind="synchronisation" x="-8" y="16">OP!</label></transition><transition><source ref="id5"/><target ref="id4"/><label kind="synchronisation" x="-48" y="40">ppb?</label></transition><transition><source ref="id6"/><target ref="id5"/><label kind="synchronisation" x="-112" y="16">MB!</label></transition><transition><source ref="id7"/><target ref="id6"/><label kind="synchronisation" x="-120" y="-96">atb?,lampe(ON)!</label></transition><transition><source ref="id8"/><target ref="id7"/><label kind="select" x="-192" y="-152">MG! MH!</label></transition><transition><source ref="id9"/><target ref="id8"/><label kind="synchronisation" x="-264" y="-80">FP!</label></transition><transition><source ref="id10"/><target ref="id9"/><label kind="synchronisation" x="-292" y="29">ObjetA?</label></transition></template><template><name>Pince</name><location id="id16" x="-1216" y="48"><name x="-1192" y="32">Haute et Ouverte</name></location><location id="id17" x="-1488" y="-360"><name x="-1608" y="-384">Haute et Fermé</name></location><location id="id18" x="-1488" y="-168"><name x="-1616" y="-176">Baissé et Fermé</name></location><location id="id19" x="-1488" y="48"><name x="-1624" y="40">Baissé et Ouverte</name></location><init ref="id19"/><transition><source ref="id16"/><target ref="id19"/><label kind="synchronisation" x="-1360" y="88">MB?</label><nail x="-1344" y="88"/></transition><transition><source ref="id19"/><target ref="id16"/><label kind="synchronisation" x="-1360" y="24">MH?</label></transition><transition><source ref="id18"/><target ref="id19"/><label kind="synchronisation" x="-1424" y="-72">OP?</label><nail x="-1432" y="-64"/></transition><transition><source ref="id17"/><target ref="id18"/><label kind="synchronisation" x="-1416" y="-272">MB?</label><nail x="-1424" y="-256"/></transition><transition><source ref="id18"/><target ref="id17"/><label kind="synchronisation" x="-1528" y="-280">MH?</label></transition><transition><source ref="id19"/><target ref="id18"/><label kind="synchronisation" x="-1520" y="-80">FP?</label></transition></template><template><name>Chariot</name><location id="id20" x="-168" y="192"></location><location id="id21" x="56" y="192"></location><location id="id22" x="40" y="-16"></location><location id="id23" x="40" y="-152"></location><location id="id24" x="-176" y="-152"></location><location id="id25" x="-384" y="-152"></location><location id="id26" x="-392" y="-24"></location><location id="id27" x="-384" y="168"></location><transition><source ref="id20"/><target ref="id27"/></transition><transition><source ref="id21"/><target ref="id20"/></transition><transition><source ref="id22"/><target ref="id21"/></transition><transition><source ref="id23"/><target ref="id22"/></transition><transition><source ref="id24"/><target ref="id23"/></transition><transition><source ref="id25"/><target ref="id24"/></transition><transition><source ref="id26"/><target ref="id25"/></transition><transition><source ref="id27"/><target ref="id26"/></transition></template><template><name>Lampe</name><location id="id28" x="-288" y="-48"><name x="-298" y="-78">on</name></location><location id="id29" x="-440" y="-48"><name x="-456" y="-88">off</name></location><init ref="id29"/><transition><source ref="id28"/><target ref="id29"/><label kind="synchronisation" x="-392" y="0">lampe(off)?</label><nail x="-368" y="-8"/></transition><transition><source ref="id29"/><target ref="id28"/><label kind="synchronisation" x="-400" y="-112">lampe(on)?</label><nail x="-368" y="-80"/></transition></template><template><name>SoA</name><location id="id30" x="-272" y="-32"></location><init ref="id30"/><transition><source ref="id30"/><target ref="id30"/><label kind="synchronisation" x="-176" y="-40">objetA!</label><nail x="-192" y="-96"/><nail x="-192" y="40"/></transition></template><template><name>SoB</name><location id="id31" x="-208" y="-24"></location><init ref="id31"/><transition><source ref="id31"/><target ref="id31"/><label kind="synchronisation" x="-120" y="-40">objetB!</label><nail x="-136" y="-104"/><nail x="-136" y="40"/></transition></template><system>// Place template instantiations here.

Char1 = Dispositif1();
Char2 = Dispositif2();
lamp = Lampe()
P1 = CTRL();

// List one or more processes to be composed into a system.
system Char1, P1, lamp;</system></nta>