<?xml version="1.0" encoding="utf-8"?><!DOCTYPE nta PUBLIC '-//Uppaal Team//DTD Flat System 1.1//EN' 'http://www.it.uu.se/research/group/darts/uppaal/flat-1_1.dtd'><nta><declaration>// Place global declarations here.
clock x;
chan object;</declaration><template><name x="5" y="5">CTRL</name><declaration>// Place local declarations here.
</declaration><location id="id0" x="152" y="96"><name x="142" y="66">baissePince</name></location><location id="id1" x="152" y="-128"><name x="142" y="-158">déplacementdroite</name></location><location id="id2" x="24" y="-128"><name x="14" y="-158">objetbreçut</name></location><location id="id3" x="24" y="-8"><name x="14" y="-38">pinceOuverte</name></location><location id="id4" x="24" y="56"><name x="14" y="26">ArriverGauche</name></location><location id="id5" x="-80" y="56"><name x="-90" y="26">versGauche</name></location><location id="id6" x="-80" y="-8"><name x="-90" y="-38">BaissePince</name></location><location id="id7" x="-80" y="-128"><name x="-90" y="-158">déplaceObjt</name></location><location id="id8" x="-232" y="-128"><name x="-242" y="-158">prendsObjet</name></location><location id="id9" x="-232" y="-8"><name x="-242" y="-38">reçoitObjetA</name></location><location id="id10" x="-232" y="96"></location><location id="id11" x="-232" y="96"></location><location id="id12" x="-232" y="96"></location><location id="id13" x="-232" y="96"></location><location id="id14" x="-232" y="96"></location><location id="id15" x="-232" y="96"><name x="-242" y="66">départ</name></location><init ref="id15"/><transition><source ref="id0"/><target ref="id15"/><label kind="synchronisation" x="-100" y="81">MB!</label></transition><transition><source ref="id1"/><target ref="id0"/><label kind="select" x="120" y="-32">atA?</label></transition><transition><source ref="id2"/><target ref="id1"/><label kind="synchronisation" x="56" y="-120">MD! MH!</label></transition><transition><source ref="id3"/><target ref="id2"/><label kind="synchronisation" x="-32" y="-80">objetb?</label><label kind="assignment" x="-36" y="-68">lampe:=off</label></transition><transition><source ref="id4"/><target ref="id3"/><label kind="synchronisation" x="-8" y="16">OP!</label></transition><transition><source ref="id5"/><target ref="id4"/><label kind="synchronisation" x="-48" y="40">ppb?</label></transition><transition><source ref="id6"/><target ref="id5"/><label kind="synchronisation" x="-112" y="16">MB!</label></transition><transition><source ref="id7"/><target ref="id6"/><label kind="synchronisation" x="-112" y="-80">atb?</label><label kind="assignment" x="-140" y="-68">lampe:=on</label></transition><transition><source ref="id8"/><target ref="id7"/><label kind="select" x="-192" y="-152">MG! MH!</label></transition><transition><source ref="id9"/><target ref="id8"/><label kind="synchronisation" x="-264" y="-80">FP!</label></transition><transition><source ref="id10"/><target ref="id9"/><label kind="synchronisation" x="-292" y="29">ObjetA?</label></transition></template><template><name>Dispositif1</name><location id="id16" x="-1336" y="48"><label kind="invariant" x="-1376" y="8">z&lt;2 or z&gt;6</label></location><location id="id17" x="-1048" y="48"><label kind="invariant" x="-1024" y="40">z&lt;3 or z&gt;7</label></location><location id="id18" x="-1200" y="48"><name x="-1256" y="8">A - Haute et Fermé</name></location><location id="id19" x="-1048" y="-112"><name x="-1032" y="-120">SoB - Produit sur Convoyeur</name></location><location id="id20" x="-1200" y="-112"><name x="-1344" y="-120">B - Baissé et Fermé</name></location><location id="id21" x="-1200" y="-232"><label kind="invariant" x="-1288" y="-240">z&lt;4 or z&gt;8</label></location><location id="id22" x="-1200" y="-360"><name x="-1184" y="-368">B - Haute et Fermé</name></location><location id="id23" x="-1488" y="-360"><label kind="invariant" x="-1584" y="-368">z&lt;5 or z&gt;10</label></location><location id="id24" x="-1488" y="-240"><name x="-1632" y="-248">A - Baissé et Fermé</name></location><location id="id25" x="-1488" y="-120"><name x="-1648" y="-128">SoA - Detection Objet</name></location><location id="id26" x="-1488" y="48"><name x="-1640" y="40">A - Baissé et Ouverte</name><label kind="invariant" x="-1576" y="56">pince==bo</label></location><init ref="id26"/><transition><source ref="id18"/><target ref="id16"/><label kind="synchronisation" x="-1264" y="48">MB?</label><label kind="assignment" x="-1264" y="64">z:=0</label></transition><transition><source ref="id16"/><target ref="id26"/><label kind="assignment" x="-1440" y="48">pince:=bo</label></transition><transition><source ref="id19"/><target ref="id17"/><label kind="synchronisation" x="-1032" y="-56">MD? MH?</label><label kind="assignment" x="-1032" y="-40">z:=0</label></transition><transition><source ref="id17"/><target ref="id18"/><label kind="synchronisation" x="-1120" y="48">atA!</label><label kind="assignment" x="-1144" y="64">pince:=pph</label></transition><transition><source ref="id20"/><target ref="id19"/><label kind="synchronisation" x="-1152" y="-136">objetB!</label></transition><transition><source ref="id21"/><target ref="id20"/><label kind="synchronisation" x="-1184" y="-200">OP?</label><label kind="assignment" x="-1184" y="-184">pince:=ppb</label></transition><transition><source ref="id22"/><target ref="id21"/><label kind="synchronisation" x="-1184" y="-320">MB?</label><label kind="assignment" x="-1184" y="-304">z:=0</label></transition><transition><source ref="id23"/><target ref="id22"/><label kind="synchronisation" x="-1360" y="-408">atB!</label><label kind="assignment" x="-1384" y="-384">pince:=pph</label></transition><transition><source ref="id24"/><target ref="id23"/><label kind="synchronisation" x="-1480" y="-320">MG? MH?</label><label kind="assignment" x="-1472" y="-304">z:=0</label></transition><transition><source ref="id25"/><target ref="id24"/><label kind="synchronisation" x="-1480" y="-208">FP?</label><label kind="assignment" x="-1480" y="-184">pince:=bf</label></transition><transition><source ref="id26"/><target ref="id25"/><label kind="synchronisation" x="-1480" y="-48">objetA!</label></transition></template><template><name>Dispositif2</name></template><system>// Place template instantiations here.

Char1 = Dispositif1();
Char2 = Dispositif2();
P1 = CTRL();

// List one or more processes to be composed into a system.
system Char1, P1;</system></nta>